{
  "hosting": {
    "public": ".",
    "ignore": [
      "firebase.json",
      "**/.*",
      "**/node_modules/**",
      "server.py",
      "README.md",
      "replit.md",
      ".replit"
    ],
    "rewrites": [
      {
        "source": "**",
        "destination": "/index.html"
      }
    ],
    "headers": [
      {
        "source": "**/*.@(jpg|jpeg|gif|png|svg|webp|ico)",
        "headers": [
          {
            "key": "Cache-Control",
            "value": "max-age=7200"
          }
        ]
      },
      {
        "source": "**/*.@(css|js)",
        "headers": [
          {
            "key": "Cache-Control",
            "value": "max-age=3600"
          }
        ]
      }
    ]
  },
  "firestore": {
    "rules": "firestore.rules",
    "indexes": "firestore.indexes.json"
  },
  "storage": {
    "rules": "storage.rules"
  }
}
